phase,scenario,model,train_lang,test_lang,split,accuracy,precision_macro,recall_macro,f1_macro,f1_Not Hate,f1_Neutral,f1_Hate,train_time_sec,n_train,shots,precision_Not Hate,recall_Not Hate,precision_Neutral,recall_Neutral,precision_Hate,recall_Hate,pr_auc_Not Hate,pr_auc_Neutral,pr_auc_Hate,pr_auc_macro,n_seeds
n/a,monolingual,nb,English,English,test,0.6155 ± 0.0000,0.6206 ± 0.0000,0.6180 ± 0.0000,0.6159 ± 0.0000,0.6280 ± 0.0000,0.5939 ± 0.0000,0.6257 ± 0.0000,0.4128 ± 0.0000,4648.0000 ± 0.0000,,,,,,,,,,,,0
n/a,monolingual,nb,English,English,val,0.6642 ± 0.0000,0.6701 ± 0.0000,0.6662 ± 0.0000,0.6648 ± 0.0000,0.6868 ± 0.0000,0.6379 ± 0.0000,0.6697 ± 0.0000,0.4128 ± 0.0000,4648.0000 ± 0.0000,,,,,,,,,,,,0
n/a,monolingual,nb,Hausa,Hausa,test,0.5461 ± 0.0000,0.5497 ± 0.0000,0.5475 ± 0.0000,0.5463 ± 0.0000,0.5652 ± 0.0000,0.5311 ± 0.0000,0.5428 ± 0.0000,0.3940 ± 0.0000,4628.0000 ± 0.0000,,,,,,,,,,,,0
n/a,monolingual,nb,Hausa,Hausa,val,0.5852 ± 0.0000,0.5926 ± 0.0000,0.5867 ± 0.0000,0.5856 ± 0.0000,0.6066 ± 0.0000,0.5794 ± 0.0000,0.5708 ± 0.0000,0.3940 ± 0.0000,4628.0000 ± 0.0000,,,,,,,,,,,,0
n/a,monolingual,nb,Igbo,Igbo,test,0.5770 ± 0.0000,0.5804 ± 0.0000,0.5787 ± 0.0000,0.5774 ± 0.0000,0.5989 ± 0.0000,0.5491 ± 0.0000,0.5843 ± 0.0000,0.3683 ± 0.0000,4622.0000 ± 0.0000,,,,,,,,,,,,0
n/a,monolingual,nb,Igbo,Igbo,val,0.5716 ± 0.0000,0.5739 ± 0.0000,0.5730 ± 0.0000,0.5721 ± 0.0000,0.5959 ± 0.0000,0.5330 ± 0.0000,0.5874 ± 0.0000,0.3683 ± 0.0000,4622.0000 ± 0.0000,,,,,,,,,,,,0
n/a,monolingual,nb,Yoruba,Yoruba,test,0.5415 ± 0.0000,0.5456 ± 0.0000,0.5438 ± 0.0000,0.5424 ± 0.0000,0.5543 ± 0.0000,0.5027 ± 0.0000,0.5701 ± 0.0000,0.4326 ± 0.0000,4633.0000 ± 0.0000,,,,,,,,,,,,0
n/a,monolingual,nb,Yoruba,Yoruba,val,0.5706 ± 0.0000,0.5717 ± 0.0000,0.5717 ± 0.0000,0.5707 ± 0.0000,0.5805 ± 0.0000,0.5588 ± 0.0000,0.5728 ± 0.0000,0.4326 ± 0.0000,4633.0000 ± 0.0000,,,,,,,,,,,,0
n/a,monolingual,rf,English,English,test,0.6727 ± 0.0000,0.6717 ± 0.0000,0.6737 ± 0.0000,0.6722 ± 0.0000,0.6907 ± 0.0000,0.6279 ± 0.0000,0.6979 ± 0.0000,0.9708 ± 0.0000,4648.0000 ± 0.0000,,,,,,,,,,,,0
n/a,monolingual,rf,English,English,val,0.6973 ± 0.0000,0.6955 ± 0.0000,0.6955 ± 0.0000,0.6955 ± 0.0000,0.7558 ± 0.0000,0.6607 ± 0.0000,0.6699 ± 0.0000,0.9708 ± 0.0000,4648.0000 ± 0.0000,,,,,,,,,,,,0
n/a,monolingual,rf,Hausa,Hausa,test,0.5998 ± 0.0000,0.5994 ± 0.0000,0.6003 ± 0.0000,0.5983 ± 0.0000,0.6247 ± 0.0000,0.5558 ± 0.0000,0.6143 ± 0.0000,1.0104 ± 0.0000,4628.0000 ± 0.0000,,,,,,,,,,,,0
n/a,monolingual,rf,Hausa,Hausa,val,0.6169 ± 0.0000,0.6154 ± 0.0000,0.6154 ± 0.0000,0.6150 ± 0.0000,0.6571 ± 0.0000,0.5781 ± 0.0000,0.6098 ± 0.0000,1.0104 ± 0.0000,4628.0000 ± 0.0000,,,,,,,,,,,,0
n/a,monolingual,rf,Igbo,Igbo,test,0.5823 ± 0.0000,0.5808 ± 0.0000,0.5819 ± 0.0000,0.5807 ± 0.0000,0.6151 ± 0.0000,0.5327 ± 0.0000,0.5943 ± 0.0000,0.9589 ± 0.0000,4622.0000 ± 0.0000,,,,,,,,,,,,0
n/a,monolingual,rf,Igbo,Igbo,val,0.6139 ± 0.0000,0.6126 ± 0.0000,0.6122 ± 0.0000,0.6116 ± 0.0000,0.6545 ± 0.0000,0.5755 ± 0.0000,0.6049 ± 0.0000,0.9589 ± 0.0000,4622.0000 ± 0.0000,,,,,,,,,,,,0
n/a,monolingual,rf,Yoruba,Yoruba,test,0.5529 ± 0.0000,0.5523 ± 0.0000,0.5546 ± 0.0000,0.5529 ± 0.0000,0.5646 ± 0.0000,0.5017 ± 0.0000,0.5925 ± 0.0000,1.0275 ± 0.0000,4633.0000 ± 0.0000,,,,,,,,,,,,0
n/a,monolingual,rf,Yoruba,Yoruba,val,0.6146 ± 0.0000,0.6145 ± 0.0000,0.6140 ± 0.0000,0.6137 ± 0.0000,0.6331 ± 0.0000,0.6042 ± 0.0000,0.6039 ± 0.0000,1.0275 ± 0.0000,4633.0000 ± 0.0000,,,,,,,,,,,,0
n/a,monolingual,svm,English,English,test,0.6381 ± 0.0000,0.6364 ± 0.0000,0.6382 ± 0.0000,0.6370 ± 0.0000,0.6744 ± 0.0000,0.5747 ± 0.0000,0.6619 ± 0.0000,0.6063 ± 0.0000,4648.0000 ± 0.0000,,,,,,,,,,,,0
n/a,monolingual,svm,English,English,val,0.6943 ± 0.0000,0.6911 ± 0.0000,0.6916 ± 0.0000,0.6911 ± 0.0000,0.7603 ± 0.0000,0.6513 ± 0.0000,0.6618 ± 0.0000,0.6063 ± 0.0000,4648.0000 ± 0.0000,,,,,,,,,,,,0
n/a,monolingual,svm,Hausa,Hausa,test,0.5719 ± 0.0000,0.5711 ± 0.0000,0.5716 ± 0.0000,0.5712 ± 0.0000,0.5936 ± 0.0000,0.5520 ± 0.0000,0.5680 ± 0.0000,0.5721 ± 0.0000,4628.0000 ± 0.0000,,,,,,,,,,,,0
n/a,monolingual,svm,Hausa,Hausa,val,0.5897 ± 0.0000,0.5890 ± 0.0000,0.5888 ± 0.0000,0.5888 ± 0.0000,0.6393 ± 0.0000,0.5528 ± 0.0000,0.5742 ± 0.0000,0.5721 ± 0.0000,4628.0000 ± 0.0000,,,,,,,,,,,,0
n/a,monolingual,svm,Igbo,Igbo,test,0.5725 ± 0.0000,0.5710 ± 0.0000,0.5716 ± 0.0000,0.5709 ± 0.0000,0.6085 ± 0.0000,0.5352 ± 0.0000,0.5690 ± 0.0000,0.5733 ± 0.0000,4622.0000 ± 0.0000,,,,,,,,,,,,0
n/a,monolingual,svm,Igbo,Igbo,val,0.5807 ± 0.0000,0.5792 ± 0.0000,0.5794 ± 0.0000,0.5788 ± 0.0000,0.6245 ± 0.0000,0.5221 ± 0.0000,0.5897 ± 0.0000,0.5733 ± 0.0000,4622.0000 ± 0.0000,,,,,,,,,,,,0
n/a,monolingual,svm,Yoruba,Yoruba,test,0.5332 ± 0.0000,0.5322 ± 0.0000,0.5338 ± 0.0000,0.5325 ± 0.0000,0.5616 ± 0.0000,0.4844 ± 0.0000,0.5516 ± 0.0000,0.6097 ± 0.0000,4633.0000 ± 0.0000,,,,,,,,,,,,0
n/a,monolingual,svm,Yoruba,Yoruba,val,0.5615 ± 0.0000,0.5578 ± 0.0000,0.5580 ± 0.0000,0.5572 ± 0.0000,0.6296 ± 0.0000,0.5318 ± 0.0000,0.5102 ± 0.0000,0.6097 ± 0.0000,4633.0000 ± 0.0000,,,,,,,,,,,,0
n/a,multilingual_joint,nb,all,English,test,0.6042 ± 0.0000,0.6106 ± 0.0000,0.6084 ± 0.0000,0.6041 ± 0.0000,0.5962 ± 0.0000,0.5840 ± 0.0000,0.6320 ± 0.0000,,,,,,,,,,,,,,0
n/a,multilingual_joint,nb,all,Hausa,test,0.5635 ± 0.0000,0.5645 ± 0.0000,0.5635 ± 0.0000,0.5634 ± 0.0000,0.5876 ± 0.0000,0.5470 ± 0.0000,0.5556 ± 0.0000,,,,,,,,,,,,,,0
n/a,multilingual_joint,nb,all,Igbo,test,0.5672 ± 0.0000,0.5794 ± 0.0000,0.5710 ± 0.0000,0.5675 ± 0.0000,0.5707 ± 0.0000,0.5527 ± 0.0000,0.5790 ± 0.0000,,,,,,,,,,,,,,0
n/a,multilingual_joint,nb,all,Yoruba,test,0.5264 ± 0.0000,0.5386 ± 0.0000,0.5313 ± 0.0000,0.5261 ± 0.0000,0.5181 ± 0.0000,0.4946 ± 0.0000,0.5655 ± 0.0000,,,,,,,,,,,,,,0
n/a,multilingual_joint,nb,all,all,test,0.5654 ± 0.0000,0.5723 ± 0.0000,0.5686 ± 0.0000,0.5657 ± 0.0000,0.5691 ± 0.0000,0.5444 ± 0.0000,0.5835 ± 0.0000,1.6433 ± 0.0000,18531.0000 ± 0.0000,,,,,,,,,,,,0
n/a,multilingual_joint,nb,all,all,val,0.5931 ± 0.0000,0.5986 ± 0.0000,0.5947 ± 0.0000,0.5936 ± 0.0000,0.6137 ± 0.0000,0.5736 ± 0.0000,0.5935 ± 0.0000,1.6433 ± 0.0000,18531.0000 ± 0.0000,,,,,,,,,,,,0
n/a,multilingual_joint,rf,all,English,test,0.6659 ± 0.0000,0.6651 ± 0.0000,0.6675 ± 0.0000,0.6656 ± 0.0000,0.6780 ± 0.0000,0.6188 ± 0.0000,0.7001 ± 0.0000,,,,,,,,,,,,,,0
n/a,multilingual_joint,rf,all,Hausa,test,0.6104 ± 0.0000,0.6096 ± 0.0000,0.6095 ± 0.0000,0.6088 ± 0.0000,0.6419 ± 0.0000,0.5769 ± 0.0000,0.6077 ± 0.0000,,,,,,,,,,,,,,0
n/a,multilingual_joint,rf,all,Igbo,test,0.6140 ± 0.0000,0.6134 ± 0.0000,0.6133 ± 0.0000,0.6121 ± 0.0000,0.6456 ± 0.0000,0.5700 ± 0.0000,0.6205 ± 0.0000,,,,,,,,,,,,,,0
n/a,multilingual_joint,rf,all,Yoruba,test,0.5619 ± 0.0000,0.5610 ± 0.0000,0.5632 ± 0.0000,0.5616 ± 0.0000,0.5736 ± 0.0000,0.5158 ± 0.0000,0.5955 ± 0.0000,,,,,,,,,,,,,,0
n/a,multilingual_joint,rf,all,all,test,0.6131 ± 0.0000,0.6122 ± 0.0000,0.6134 ± 0.0000,0.6122 ± 0.0000,0.6350 ± 0.0000,0.5704 ± 0.0000,0.6312 ± 0.0000,6.7976 ± 0.0000,18531.0000 ± 0.0000,,,,,,,,,,,,0
n/a,multilingual_joint,rf,all,all,val,0.6353 ± 0.0000,0.6340 ± 0.0000,0.6340 ± 0.0000,0.6335 ± 0.0000,0.6732 ± 0.0000,0.6037 ± 0.0000,0.6237 ± 0.0000,6.7976 ± 0.0000,18531.0000 ± 0.0000,,,,,,,,,,,,0
n/a,multilingual_joint,svm,all,English,test,0.6373 ± 0.0000,0.6371 ± 0.0000,0.6387 ± 0.0000,0.6369 ± 0.0000,0.6667 ± 0.0000,0.5842 ± 0.0000,0.6597 ± 0.0000,,,,,,,,,,,,,,0
n/a,multilingual_joint,svm,all,Hausa,test,0.5703 ± 0.0000,0.5699 ± 0.0000,0.5707 ± 0.0000,0.5698 ± 0.0000,0.5933 ± 0.0000,0.5442 ± 0.0000,0.5718 ± 0.0000,,,,,,,,,,,,,,0
n/a,multilingual_joint,svm,all,Igbo,test,0.5733 ± 0.0000,0.5728 ± 0.0000,0.5732 ± 0.0000,0.5725 ± 0.0000,0.6082 ± 0.0000,0.5423 ± 0.0000,0.5671 ± 0.0000,,,,,,,,,,,,,,0
n/a,multilingual_joint,svm,all,Yoruba,test,0.5491 ± 0.0000,0.5483 ± 0.0000,0.5497 ± 0.0000,0.5485 ± 0.0000,0.5872 ± 0.0000,0.4891 ± 0.0000,0.5691 ± 0.0000,,,,,,,,,,,,,,0
n/a,multilingual_joint,svm,all,all,test,0.5826 ± 0.0000,0.5820 ± 0.0000,0.5831 ± 0.0000,0.5820 ± 0.0000,0.6138 ± 0.0000,0.5400 ± 0.0000,0.5922 ± 0.0000,3.0842 ± 0.0000,18531.0000 ± 0.0000,,,,,,,,,,,,0
n/a,multilingual_joint,svm,all,all,val,0.6010 ± 0.0000,0.5993 ± 0.0000,0.5998 ± 0.0000,0.5995 ± 0.0000,0.6525 ± 0.0000,0.5558 ± 0.0000,0.5901 ± 0.0000,3.0842 ± 0.0000,18531.0000 ± 0.0000,,,,,,,,,,,,0
phase3,monolingual,rf,English,English,test,0.6727 ± 0.0000,0.6717 ± 0.0000,0.6737 ± 0.0000,0.6722 ± 0.0000,0.6907 ± 0.0000,0.6279 ± 0.0000,0.6979 ± 0.0000,1.1000 ± 0.0000,4648.0000 ± 0.0000,,0.6966 ± 0.0000,0.6849 ± 0.0000,0.6475 ± 0.0000,0.6095 ± 0.0000,0.6712 ± 0.0000,0.7268 ± 0.0000,0.7562 ± 0.0000,0.7083 ± 0.0000,0.7636 ± 0.0000,0.7427 ± 0.0000,1
phase3,monolingual,rf,Hausa,Hausa,test,0.5998 ± 0.0000,0.5994 ± 0.0000,0.6003 ± 0.0000,0.5983 ± 0.0000,0.6247 ± 0.0000,0.5558 ± 0.0000,0.6143 ± 0.0000,0.9000 ± 0.0000,4628.0000 ± 0.0000,,0.6170 ± 0.0000,0.6327 ± 0.0000,0.5979 ± 0.0000,0.5193 ± 0.0000,0.5833 ± 0.0000,0.6488 ± 0.0000,0.6659 ± 0.0000,0.6322 ± 0.0000,0.6479 ± 0.0000,0.6486 ± 0.0000,1
phase3,monolingual,rf,Igbo,Igbo,test,0.5823 ± 0.0000,0.5808 ± 0.0000,0.5819 ± 0.0000,0.5807 ± 0.0000,0.6151 ± 0.0000,0.5327 ± 0.0000,0.5943 ± 0.0000,1.0000 ± 0.0000,4622.0000 ± 0.0000,,0.6020 ± 0.0000,0.6287 ± 0.0000,0.5614 ± 0.0000,0.5068 ± 0.0000,0.5791 ± 0.0000,0.6103 ± 0.0000,0.6770 ± 0.0000,0.6149 ± 0.0000,0.6520 ± 0.0000,0.6480 ± 0.0000,1
phase3,monolingual,rf,Yoruba,Yoruba,test,0.5529 ± 0.0000,0.5523 ± 0.0000,0.5546 ± 0.0000,0.5529 ± 0.0000,0.5646 ± 0.0000,0.5017 ± 0.0000,0.5925 ± 0.0000,1.1000 ± 0.0000,4633.0000 ± 0.0000,,0.5804 ± 0.0000,0.5497 ± 0.0000,0.5081 ± 0.0000,0.4955 ± 0.0000,0.5685 ± 0.0000,0.6186 ± 0.0000,0.6255 ± 0.0000,0.5510 ± 0.0000,0.6079 ± 0.0000,0.5948 ± 0.0000,1
phase3,translation_impact_singlemodel,rf_joint,all,Hausa,test_shared,0.6106 ± 0.0000,0.6099 ± 0.0000,0.6099 ± 0.0000,0.6091 ± 0.0000,0.6410 ± 0.0000,0.5783 ± 0.0000,0.6082 ± 0.0000,,,,,,,,,,,,,,0
phase3,translation_impact_singlemodel,rf_joint,all,Igbo,test_shared,0.6122 ± 0.0000,0.6117 ± 0.0000,0.6117 ± 0.0000,0.6104 ± 0.0000,0.6412 ± 0.0000,0.5697 ± 0.0000,0.6204 ± 0.0000,,,,,,,,,,,,,,0
phase3,translation_impact_singlemodel,rf_joint,all,Yoruba,test_shared,0.5605 ± 0.0000,0.5597 ± 0.0000,0.5619 ± 0.0000,0.5602 ± 0.0000,0.5696 ± 0.0000,0.5158 ± 0.0000,0.5953 ± 0.0000,,,,,,,,,,,,,,0
phase4,few_shot,afroxlmr,English+100Hausa,Hausa,test,0.5620 ± 0.0000,0.6155 ± 0.0000,0.5514 ± 0.0000,0.5406 ± 0.0000,0.6338 ± 0.0000,0.4637 ± 0.0000,0.5242 ± 0.0000,234.7000 ± 0.0000,4748.0000 ± 0.0000,100.0000 ± 0.0000,,,,,,,,,,,0
phase4,few_shot,afroxlmr,English+100Igbo,Igbo,test,0.5551 ± 0.0000,0.5849 ± 0.0000,0.5462 ± 0.0000,0.5434 ± 0.0000,0.6204 ± 0.0000,0.4964 ± 0.0000,0.5133 ± 0.0000,239.8000 ± 0.0000,4748.0000 ± 0.0000,100.0000 ± 0.0000,,,,,,,,,,,0
phase4,few_shot,afroxlmr,English+100Yoruba,Yoruba,test,0.4260 ± 0.0000,0.4861 ± 0.0000,0.4394 ± 0.0000,0.3770 ± 0.0000,0.4290 ± 0.0000,0.1801 ± 0.0000,0.5219 ± 0.0000,249.2000 ± 0.0000,4748.0000 ± 0.0000,100.0000 ± 0.0000,,,,,,,,,,,0
phase4,few_shot,afroxlmr,English+500Hausa,Hausa,test,0.6074 ± 0.0000,0.6158 ± 0.0000,0.6021 ± 0.0000,0.5993 ± 0.0000,0.6643 ± 0.0000,0.5385 ± 0.0000,0.5952 ± 0.0000,262.0000 ± 0.0000,5148.0000 ± 0.0000,500.0000 ± 0.0000,,,,,,,,,,,0
phase4,few_shot,afroxlmr,English+500Igbo,Igbo,test,0.5869 ± 0.0000,0.5846 ± 0.0000,0.5846 ± 0.0000,0.5821 ± 0.0000,0.6430 ± 0.0000,0.5173 ± 0.0000,0.5860 ± 0.0000,279.2000 ± 0.0000,5148.0000 ± 0.0000,500.0000 ± 0.0000,,,,,,,,,,,0
phase4,few_shot,afroxlmr,English+500Yoruba,Yoruba,test,0.5370 ± 0.0000,0.5378 ± 0.0000,0.5399 ± 0.0000,0.5366 ± 0.0000,0.5498 ± 0.0000,0.4794 ± 0.0000,0.5807 ± 0.0000,304.1000 ± 0.0000,5148.0000 ± 0.0000,500.0000 ± 0.0000,,,,,,,,,,,0
phase4,few_shot,afroxlmr,English+50Hausa,Hausa,test,0.5492 ± 0.0000,0.6234 ± 0.0000,0.5378 ± 0.0000,0.5212 ± 0.0000,0.6244 ± 0.0000,0.4399 ± 0.0000,0.4992 ± 0.0000,234.5000 ± 0.0000,4698.0000 ± 0.0000,50.0000 ± 0.0000,,,,,,,,,,,0
phase4,few_shot,afroxlmr,English+50Igbo,Igbo,test,0.5189 ± 0.0000,0.5912 ± 0.0000,0.5056 ± 0.0000,0.4895 ± 0.0000,0.6025 ± 0.0000,0.4062 ± 0.0000,0.4597 ± 0.0000,248.0000 ± 0.0000,4698.0000 ± 0.0000,50.0000 ± 0.0000,,,,,,,,,,,0
phase4,few_shot,afroxlmr,English+50Yoruba,Yoruba,test,0.5181 ± 0.0000,0.5163 ± 0.0000,0.5212 ± 0.0000,0.5127 ± 0.0000,0.5389 ± 0.0000,0.4243 ± 0.0000,0.5748 ± 0.0000,240.5000 ± 0.0000,4698.0000 ± 0.0000,50.0000 ± 0.0000,,,,,,,,,,,0
phase4,few_shot,mbert,English+100Hausa,Hausa,test,0.4796 ± 0.0000,0.5038 ± 0.0000,0.4715 ± 0.0000,0.4649 ± 0.0000,0.5581 ± 0.0000,0.4527 ± 0.0000,0.3841 ± 0.0000,199.4000 ± 0.0000,4748.0000 ± 0.0000,100.0000 ± 0.0000,,,,,,,,,,,0
phase4,few_shot,mbert,English+100Igbo,Igbo,test,0.5015 ± 0.0000,0.5264 ± 0.0000,0.4952 ± 0.0000,0.4927 ± 0.0000,0.5478 ± 0.0000,0.4990 ± 0.0000,0.4313 ± 0.0000,220.9000 ± 0.0000,4748.0000 ± 0.0000,100.0000 ± 0.0000,,,,,,,,,,,0
phase4,few_shot,mbert,English+100Yoruba,Yoruba,test,0.5000 ± 0.0000,0.5244 ± 0.0000,0.5094 ± 0.0000,0.4915 ± 0.0000,0.4626 ± 0.0000,0.4469 ± 0.0000,0.5651 ± 0.0000,255.4000 ± 0.0000,4748.0000 ± 0.0000,100.0000 ± 0.0000,,,,,,,,,,,0
phase4,few_shot,mbert,English+500Hausa,Hausa,test,0.5189 ± 0.0000,0.5193 ± 0.0000,0.5150 ± 0.0000,0.5134 ± 0.0000,0.5774 ± 0.0000,0.4517 ± 0.0000,0.5111 ± 0.0000,237.8000 ± 0.0000,5148.0000 ± 0.0000,500.0000 ± 0.0000,,,,,,,,,,,0
phase4,few_shot,mbert,English+500Igbo,Igbo,test,0.5242 ± 0.0000,0.5237 ± 0.0000,0.5261 ± 0.0000,0.5214 ± 0.0000,0.5615 ± 0.0000,0.4502 ± 0.0000,0.5524 ± 0.0000,233.9000 ± 0.0000,5148.0000 ± 0.0000,500.0000 ± 0.0000,,,,,,,,,,,0
phase4,few_shot,mbert,English+500Yoruba,Yoruba,test,0.5347 ± 0.0000,0.5376 ± 0.0000,0.5383 ± 0.0000,0.5348 ± 0.0000,0.5308 ± 0.0000,0.4972 ± 0.0000,0.5762 ± 0.0000,244.5000 ± 0.0000,5148.0000 ± 0.0000,500.0000 ± 0.0000,,,,,,,,,,,0
phase4,few_shot,mbert,English+50Hausa,Hausa,test,0.4637 ± 0.0000,0.5006 ± 0.0000,0.4505 ± 0.0000,0.4239 ± 0.0000,0.5698 ± 0.0000,0.3519 ± 0.0000,0.3499 ± 0.0000,220.5000 ± 0.0000,4698.0000 ± 0.0000,50.0000 ± 0.0000,,,,,,,,,,,0
phase4,few_shot,mbert,English+50Igbo,Igbo,test,0.4675 ± 0.0000,0.5015 ± 0.0000,0.4560 ± 0.0000,0.4423 ± 0.0000,0.5544 ± 0.0000,0.3887 ± 0.0000,0.3838 ± 0.0000,181.3000 ± 0.0000,4698.0000 ± 0.0000,50.0000 ± 0.0000,,,,,,,,,,,0
phase4,few_shot,mbert,English+50Yoruba,Yoruba,test,0.4751 ± 0.0000,0.5010 ± 0.0000,0.4850 ± 0.0000,0.4570 ± 0.0000,0.4700 ± 0.0000,0.3483 ± 0.0000,0.5527 ± 0.0000,142.8000 ± 0.0000,4698.0000 ± 0.0000,50.0000 ± 0.0000,,,,,,,,,,,0
phase4,few_shot,xlmr,English+100Hausa,Hausa,test,0.4924 ± 0.0000,0.5194 ± 0.0000,0.4835 ± 0.0000,0.4646 ± 0.0000,0.5780 ± 0.0000,0.3288 ± 0.0000,0.4869 ± 0.0000,238.3000 ± 0.0000,4748.0000 ± 0.0000,100.0000 ± 0.0000,,,,,,,,,,,0
phase4,few_shot,xlmr,English+100Igbo,Igbo,test,0.4819 ± 0.0000,0.5092 ± 0.0000,0.4722 ± 0.0000,0.4653 ± 0.0000,0.5517 ± 0.0000,0.4346 ± 0.0000,0.4098 ± 0.0000,247.9000 ± 0.0000,4748.0000 ± 0.0000,100.0000 ± 0.0000,,,,,,,,,,,0
phase4,few_shot,xlmr,English+100Yoruba,Yoruba,test,0.4388 ± 0.0000,0.4657 ± 0.0000,0.4502 ± 0.0000,0.4199 ± 0.0000,0.4006 ± 0.0000,0.3306 ± 0.0000,0.5285 ± 0.0000,242.9000 ± 0.0000,4748.0000 ± 0.0000,100.0000 ± 0.0000,,,,,,,,,,,0
phase4,few_shot,xlmr,English+500Hausa,Hausa,test,0.5628 ± 0.0000,0.5638 ± 0.0000,0.5605 ± 0.0000,0.5591 ± 0.0000,0.6035 ± 0.0000,0.4982 ± 0.0000,0.5757 ± 0.0000,259.1000 ± 0.0000,5148.0000 ± 0.0000,500.0000 ± 0.0000,,,,,,,,,,,0
phase4,few_shot,xlmr,English+500Igbo,Igbo,test,0.5023 ± 0.0000,0.5018 ± 0.0000,0.5065 ± 0.0000,0.4939 ± 0.0000,0.5364 ± 0.0000,0.3851 ± 0.0000,0.5602 ± 0.0000,284.4000 ± 0.0000,5148.0000 ± 0.0000,500.0000 ± 0.0000,,,,,,,,,,,0
phase4,few_shot,xlmr,English+500Yoruba,Yoruba,test,0.4486 ± 0.0000,0.4743 ± 0.0000,0.4603 ± 0.0000,0.4315 ± 0.0000,0.3910 ± 0.0000,0.3613 ± 0.0000,0.5422 ± 0.0000,304.9000 ± 0.0000,5148.0000 ± 0.0000,500.0000 ± 0.0000,,,,,,,,,,,0
phase4,few_shot,xlmr,English+50Hausa,Hausa,test,0.4909 ± 0.0000,0.5330 ± 0.0000,0.4801 ± 0.0000,0.4540 ± 0.0000,0.5857 ± 0.0000,0.3204 ± 0.0000,0.4558 ± 0.0000,241.9000 ± 0.0000,4698.0000 ± 0.0000,50.0000 ± 0.0000,,,,,,,,,,,0
phase4,few_shot,xlmr,English+50Igbo,Igbo,test,0.4947 ± 0.0000,0.5103 ± 0.0000,0.4881 ± 0.0000,0.4851 ± 0.0000,0.5467 ± 0.0000,0.4898 ± 0.0000,0.4188 ± 0.0000,243.9000 ± 0.0000,4698.0000 ± 0.0000,50.0000 ± 0.0000,,,,,,,,,,,0
phase4,few_shot,xlmr,English+50Yoruba,Yoruba,test,0.4358 ± 0.0000,0.4850 ± 0.0000,0.4491 ± 0.0000,0.4132 ± 0.0000,0.3545 ± 0.0000,0.3595 ± 0.0000,0.5255 ± 0.0000,236.5000 ± 0.0000,4698.0000 ± 0.0000,50.0000 ± 0.0000,,,,,,,,,,,0
phase4,monolingual,afroxlmr,English,English,test,0.7622 ± 0.0000,0.7621 ± 0.0000,0.7628 ± 0.0000,0.7609 ± 0.0000,0.7996 ± 0.0000,0.7226 ± 0.0000,0.7606 ± 0.0000,218.7000 ± 0.0000,4648.0000 ± 0.0000,,,,,,,,,,,,0
phase4,monolingual,afroxlmr,Hausa,Hausa,test,0.6483 ± 0.0000,0.6466 ± 0.0000,0.6471 ± 0.0000,0.6467 ± 0.0000,0.6898 ± 0.0000,0.6148 ± 0.0000,0.6354 ± 0.0000,233.6000 ± 0.0000,4628.0000 ± 0.0000,,,,,,,,,,,,0
phase4,monolingual,afroxlmr,Igbo,Igbo,test,0.6073 ± 0.0000,0.6113 ± 0.0000,0.6091 ± 0.0000,0.6079 ± 0.0000,0.6239 ± 0.0000,0.5792 ± 0.0000,0.6206 ± 0.0000,284.0000 ± 0.0000,4622.0000 ± 0.0000,,,,,,,,,,,,0
phase4,monolingual,afroxlmr,Yoruba,Yoruba,test,0.5574 ± 0.0000,0.5613 ± 0.0000,0.5610 ± 0.0000,0.5568 ± 0.0000,0.5651 ± 0.0000,0.5155 ± 0.0000,0.5898 ± 0.0000,300.7000 ± 0.0000,4633.0000 ± 0.0000,,,,,,,,,,,,0
phase4,monolingual,mbert,English,English,test,0.7208 ± 0.0000,0.7200 ± 0.0000,0.7225 ± 0.0000,0.7193 ± 0.0000,0.7532 ± 0.0000,0.6572 ± 0.0000,0.7475 ± 0.0000,145.7000 ± 0.0000,4648.0000 ± 0.0000,,,,,,,,,,,,0
phase4,monolingual,mbert,Hausa,Hausa,test,0.5734 ± 0.0000,0.5734 ± 0.0000,0.5743 ± 0.0000,0.5735 ± 0.0000,0.5880 ± 0.0000,0.5401 ± 0.0000,0.5924 ± 0.0000,254.8000 ± 0.0000,4628.0000 ± 0.0000,,,,,,,,,,,,0
phase4,monolingual,mbert,Igbo,Igbo,test,0.5544 ± 0.0000,0.5596 ± 0.0000,0.5577 ± 0.0000,0.5546 ± 0.0000,0.5600 ± 0.0000,0.5243 ± 0.0000,0.5794 ± 0.0000,246.2000 ± 0.0000,4622.0000 ± 0.0000,,,,,,,,,,,,0
phase4,monolingual,mbert,Yoruba,Yoruba,test,0.5672 ± 0.0000,0.5722 ± 0.0000,0.5704 ± 0.0000,0.5667 ± 0.0000,0.5900 ± 0.0000,0.5185 ± 0.0000,0.5915 ± 0.0000,348.5000 ± 0.0000,4633.0000 ± 0.0000,,,,,,,,,,,,0
phase4,monolingual,xlmr,English,English,test,0.7389 ± 0.0000,0.7399 ± 0.0000,0.7401 ± 0.0000,0.7365 ± 0.0000,0.7846 ± 0.0000,0.6780 ± 0.0000,0.7467 ± 0.0000,184.2000 ± 0.0000,4648.0000 ± 0.0000,,,,,,,,,,,,0
phase4,monolingual,xlmr,Hausa,Hausa,test,0.5454 ± 0.0212,0.5498 ± 0.0212,0.5486 ± 0.0209,0.5447 ± 0.0211,0.5534 ± 0.0275,0.5117 ± 0.0215,0.5691 ± 0.0144,344.3000 ± 84.4000,4628.0000 ± 0.0000,,,,,,,,,,,,0
phase4,monolingual,xlmr,Igbo,Igbo,test,0.5302 ± 0.0030,0.5418 ± 0.0061,0.5341 ± 0.0041,0.5296 ± 0.0020,0.5456 ± 0.0019,0.4995 ± 0.0044,0.5439 ± 0.0085,399.0500 ± 128.7500,4622.0000 ± 0.0000,,,,,,,,,,,,0
phase4,monolingual,xlmr,Yoruba,Yoruba,test,0.4875 ± 0.0268,0.4822 ± 0.0372,0.4904 ± 0.0278,0.4678 ± 0.0434,0.5351 ± 0.0063,0.3220 ± 0.1197,0.5462 ± 0.0041,468.8500 ± 90.1500,4633.0000 ± 0.0000,,,,,,,,,,,,0
phase4,multilingual_joint,afroxlmr,all,English,test,0.7540 ± 0.0000,0.7554 ± 0.0000,0.7562 ± 0.0000,0.7537 ± 0.0000,0.7791 ± 0.0000,0.7109 ± 0.0000,0.7710 ± 0.0000,,,,,,,,,,,,,,0
phase4,multilingual_joint,afroxlmr,all,Hausa,test,0.6694 ± 0.0000,0.6684 ± 0.0000,0.6688 ± 0.0000,0.6686 ± 0.0000,0.7029 ± 0.0000,0.6370 ± 0.0000,0.6659 ± 0.0000,,,,,,,,,,,,,,0
phase4,multilingual_joint,afroxlmr,all,Igbo,test,0.6284 ± 0.0000,0.6300 ± 0.0000,0.6293 ± 0.0000,0.6293 ± 0.0000,0.6427 ± 0.0000,0.5890 ± 0.0000,0.6561 ± 0.0000,,,,,,,,,,,,,,0
phase4,multilingual_joint,afroxlmr,all,Yoruba,test,0.5740 ± 0.0000,0.5771 ± 0.0000,0.5759 ± 0.0000,0.5748 ± 0.0000,0.6032 ± 0.0000,0.5143 ± 0.0000,0.6070 ± 0.0000,,,,,,,,,,,,,,0
phase4,multilingual_joint,afroxlmr,all,all,test,0.6565 ± 0.0000,0.6571 ± 0.0000,0.6576 ± 0.0000,0.6567 ± 0.0000,0.6824 ± 0.0000,0.6117 ± 0.0000,0.6759 ± 0.0000,1227.0000 ± 0.0000,18531.0000 ± 0.0000,,,,,,,,,,,,0
phase4,multilingual_joint,mbert,all,English,test,0.7306 ± 0.0000,0.7302 ± 0.0000,0.7324 ± 0.0000,0.7298 ± 0.0000,0.7487 ± 0.0000,0.6855 ± 0.0000,0.7551 ± 0.0000,,,,,,,,,,,,,,0
phase4,multilingual_joint,mbert,all,Hausa,test,0.5930 ± 0.0000,0.5932 ± 0.0000,0.5942 ± 0.0000,0.5925 ± 0.0000,0.6154 ± 0.0000,0.5581 ± 0.0000,0.6041 ± 0.0000,,,,,,,,,,,,,,0
phase4,multilingual_joint,mbert,all,Igbo,test,0.5891 ± 0.0000,0.5875 ± 0.0000,0.5906 ± 0.0000,0.5879 ± 0.0000,0.6242 ± 0.0000,0.5152 ± 0.0000,0.6244 ± 0.0000,,,,,,,,,,,,,,0
phase4,multilingual_joint,mbert,all,Yoruba,test,0.5710 ± 0.0000,0.5706 ± 0.0000,0.5725 ± 0.0000,0.5706 ± 0.0000,0.5987 ± 0.0000,0.5103 ± 0.0000,0.6028 ± 0.0000,,,,,,,,,,,,,,0
phase4,multilingual_joint,mbert,all,all,test,0.6211 ± 0.0000,0.6203 ± 0.0000,0.6225 ± 0.0000,0.6203 ± 0.0000,0.6473 ± 0.0000,0.5669 ± 0.0000,0.6468 ± 0.0000,1126.4000 ± 0.0000,18531.0000 ± 0.0000,,,,,,,,,,,,0
phase4,multilingual_joint,xlmr,all,English,test,0.4658 ± 0.0000,0.4250 ± 0.0000,0.4611 ± 0.0000,0.3935 ± 0.0000,0.5869 ± 0.0000,0.0795 ± 0.0000,0.5142 ± 0.0000,,,,,,,,,,,,,,0
phase4,multilingual_joint,xlmr,all,Hausa,test,0.4501 ± 0.0000,0.4106 ± 0.0000,0.4467 ± 0.0000,0.3851 ± 0.0000,0.5650 ± 0.0000,0.0897 ± 0.0000,0.5005 ± 0.0000,,,,,,,,,,,,,,0
phase4,multilingual_joint,xlmr,all,Igbo,test,0.4418 ± 0.0000,0.4213 ± 0.0000,0.4413 ± 0.0000,0.3799 ± 0.0000,0.5533 ± 0.0000,0.0949 ± 0.0000,0.4917 ± 0.0000,,,,,,,,,,,,,,0
phase4,multilingual_joint,xlmr,all,Yoruba,test,0.4335 ± 0.0000,0.3849 ± 0.0000,0.4329 ± 0.0000,0.3703 ± 0.0000,0.5464 ± 0.0000,0.0742 ± 0.0000,0.4902 ± 0.0000,,,,,,,,,,,,,,0
phase4,multilingual_joint,xlmr,all,all,test,0.4478 ± 0.0000,0.4092 ± 0.0000,0.4455 ± 0.0000,0.3823 ± 0.0000,0.5635 ± 0.0000,0.0846 ± 0.0000,0.4987 ± 0.0000,1414.9000 ± 0.0000,18531.0000 ± 0.0000,,,,,,,,,,,,0
phase4,translation_impact,afroxlmr,English,English,test_shared,0.7620 ± 0.0000,0.7621 ± 0.0000,0.7626 ± 0.0000,0.7608 ± 0.0000,0.7991 ± 0.0000,0.7245 ± 0.0000,0.7589 ± 0.0000,,,,,,,,,,,,,,0
phase4,translation_impact,afroxlmr,Hausa,Hausa,test_shared,0.6494 ± 0.0000,0.6479 ± 0.0000,0.6485 ± 0.0000,0.6480 ± 0.0000,0.6900 ± 0.0000,0.6163 ± 0.0000,0.6377 ± 0.0000,,,,,,,,,,,,,,0
phase4,translation_impact,afroxlmr,Igbo,Igbo,test_shared,0.6068 ± 0.0000,0.6110 ± 0.0000,0.6087 ± 0.0000,0.6075 ± 0.0000,0.6209 ± 0.0000,0.5795 ± 0.0000,0.6221 ± 0.0000,,,,,,,,,,,,,,0
phase4,translation_impact,afroxlmr,Yoruba,Yoruba,test_shared,0.5567 ± 0.0000,0.5606 ± 0.0000,0.5604 ± 0.0000,0.5560 ± 0.0000,0.5607 ± 0.0000,0.5156 ± 0.0000,0.5917 ± 0.0000,,,,,,,,,,,,,,0
phase4,translation_impact,mbert,English,English,test_shared,0.7202 ± 0.0000,0.7196 ± 0.0000,0.7221 ± 0.0000,0.7187 ± 0.0000,0.7505 ± 0.0000,0.6571 ± 0.0000,0.7486 ± 0.0000,,,,,,,,,,,,,,0
phase4,translation_impact,mbert,Hausa,Hausa,test_shared,0.5749 ± 0.0000,0.5749 ± 0.0000,0.5760 ± 0.0000,0.5751 ± 0.0000,0.5881 ± 0.0000,0.5426 ± 0.0000,0.5945 ± 0.0000,,,,,,,,,,,,,,0
phase4,translation_impact,mbert,Igbo,Igbo,test_shared,0.5536 ± 0.0000,0.5589 ± 0.0000,0.5568 ± 0.0000,0.5538 ± 0.0000,0.5578 ± 0.0000,0.5250 ± 0.0000,0.5785 ± 0.0000,,,,,,,,,,,,,,0
phase4,translation_impact,mbert,Yoruba,Yoruba,test_shared,0.5665 ± 0.0000,0.5717 ± 0.0000,0.5699 ± 0.0000,0.5660 ± 0.0000,0.5859 ± 0.0000,0.5192 ± 0.0000,0.5928 ± 0.0000,,,,,,,,,,,,,,0
phase4,translation_impact,xlmr,English,English,test_shared,0.7399 ± 0.0000,0.7415 ± 0.0000,0.7413 ± 0.0000,0.7377 ± 0.0000,0.7839 ± 0.0000,0.6814 ± 0.0000,0.7478 ± 0.0000,,,,,,,,,,,,,,0
phase4,translation_impact,xlmr,Hausa,Hausa,test_shared,0.5665 ± 0.0000,0.5712 ± 0.0000,0.5697 ± 0.0000,0.5658 ± 0.0000,0.5794 ± 0.0000,0.5327 ± 0.0000,0.5853 ± 0.0000,,,,,,,,,,,,,,0
phase4,translation_impact,xlmr,Igbo,Igbo,test_shared,0.5323 ± 0.0000,0.5471 ± 0.0000,0.5372 ± 0.0000,0.5306 ± 0.0000,0.5426 ± 0.0000,0.4957 ± 0.0000,0.5534 ± 0.0000,,,,,,,,,,,,,,0
phase4,translation_impact,xlmr,Yoruba,Yoruba,test_shared,0.5125 ± 0.0000,0.5177 ± 0.0000,0.5166 ± 0.0000,0.5092 ± 0.0000,0.5368 ± 0.0000,0.4395 ± 0.0000,0.5514 ± 0.0000,,,,,,,,,,,,,,0
phase4,translation_impact_singlemodel,afroxlmr_joint,all,Hausa,test_shared,0.6707 ± 0.0000,0.6698 ± 0.0000,0.6703 ± 0.0000,0.6700 ± 0.0000,0.7032 ± 0.0000,0.6384 ± 0.0000,0.6683 ± 0.0000,,,,,,,,,,,,,,0
phase4,translation_impact_singlemodel,afroxlmr_joint,all,Igbo,test_shared,0.6274 ± 0.0000,0.6292 ± 0.0000,0.6284 ± 0.0000,0.6284 ± 0.0000,0.6387 ± 0.0000,0.5888 ± 0.0000,0.6577 ± 0.0000,,,,,,,,,,,,,,0
phase4,translation_impact_singlemodel,afroxlmr_joint,all,Yoruba,test_shared,0.5726 ± 0.0000,0.5758 ± 0.0000,0.5746 ± 0.0000,0.5735 ± 0.0000,0.5986 ± 0.0000,0.5144 ± 0.0000,0.6075 ± 0.0000,,,,,,,,,,,,,,0
phase4,translation_impact_singlemodel,mbert_joint,all,Hausa,test_shared,0.5932 ± 0.0000,0.5935 ± 0.0000,0.5946 ± 0.0000,0.5927 ± 0.0000,0.6142 ± 0.0000,0.5578 ± 0.0000,0.6062 ± 0.0000,,,,,,,,,,,,,,0
phase4,translation_impact_singlemodel,mbert_joint,all,Igbo,test_shared,0.5878 ± 0.0000,0.5862 ± 0.0000,0.5893 ± 0.0000,0.5867 ± 0.0000,0.6223 ± 0.0000,0.5142 ± 0.0000,0.6236 ± 0.0000,,,,,,,,,,,,,,0
phase4,translation_impact_singlemodel,mbert_joint,all,Yoruba,test_shared,0.5696 ± 0.0000,0.5691 ± 0.0000,0.5712 ± 0.0000,0.5692 ± 0.0000,0.5958 ± 0.0000,0.5093 ± 0.0000,0.6025 ± 0.0000,,,,,,,,,,,,,,0
phase4,zero_shot,afroxlmr,English,Hausa,test,0.4690 ± 0.0000,0.6360 ± 0.0000,0.4522 ± 0.0000,0.4021 ± 0.0000,0.5747 ± 0.0000,0.2857 ± 0.0000,0.3459 ± 0.0000,208.4000 ± 0.0000,4648.0000 ± 0.0000,,,,,,,,,,,,0
phase4,zero_shot,afroxlmr,English,Igbo,test,0.4094 ± 0.0000,0.6070 ± 0.0000,0.3881 ± 0.0000,0.2960 ± 0.0000,0.5463 ± 0.0000,0.1520 ± 0.0000,0.1897 ± 0.0000,208.4000 ± 0.0000,4648.0000 ± 0.0000,,,,,,,,,,,,0
phase4,zero_shot,afroxlmr,English,Yoruba,test,0.3769 ± 0.0000,0.6173 ± 0.0000,0.3542 ± 0.0000,0.2252 ± 0.0000,0.5328 ± 0.0000,0.0726 ± 0.0000,0.0703 ± 0.0000,208.4000 ± 0.0000,4648.0000 ± 0.0000,,,,,,,,,,,,0
phase4,zero_shot,mbert,English,Hausa,test,0.3986 ± 0.0000,0.4818 ± 0.0000,0.3789 ± 0.0000,0.2924 ± 0.0000,0.5416 ± 0.0000,0.2096 ± 0.0000,0.1261 ± 0.0000,140.7000 ± 0.0000,4648.0000 ± 0.0000,,,,,,,,,,,,0
phase4,zero_shot,mbert,English,Igbo,test,0.4003 ± 0.0000,0.5574 ± 0.0000,0.3797 ± 0.0000,0.2924 ± 0.0000,0.5376 ± 0.0000,0.1491 ± 0.0000,0.1905 ± 0.0000,140.7000 ± 0.0000,4648.0000 ± 0.0000,,,,,,,,,,,,0
phase4,zero_shot,mbert,English,Yoruba,test,0.3867 ± 0.0000,0.5920 ± 0.0000,0.3642 ± 0.0000,0.2458 ± 0.0000,0.5390 ± 0.0000,0.1150 ± 0.0000,0.0833 ± 0.0000,140.7000 ± 0.0000,4648.0000 ± 0.0000,,,,,,,,,,,,0
phase4,zero_shot,xlmr,English,Hausa,test,0.4554 ± 0.0000,0.5411 ± 0.0000,0.4410 ± 0.0000,0.3936 ± 0.0000,0.5655 ± 0.0000,0.2327 ± 0.0000,0.3824 ± 0.0000,289.5000 ± 0.0000,4648.0000 ± 0.0000,,,,,,,,,,,,0
phase4,zero_shot,xlmr,English,Igbo,test,0.4026 ± 0.0000,0.5323 ± 0.0000,0.3829 ± 0.0000,0.2995 ± 0.0000,0.5363 ± 0.0000,0.1392 ± 0.0000,0.2231 ± 0.0000,289.5000 ± 0.0000,4648.0000 ± 0.0000,,,,,,,,,,,,0
phase4,zero_shot,xlmr,English,Yoruba,test,0.3882 ± 0.0000,0.5173 ± 0.0000,0.3680 ± 0.0000,0.2657 ± 0.0000,0.5328 ± 0.0000,0.0835 ± 0.0000,0.1807 ± 0.0000,289.5000 ± 0.0000,4648.0000 ± 0.0000,,,,,,,,,,,,0
